OPERATOR_ID,YEAR,NAME,TOTAL_MILES,PARENT
31618,2018,ENTERPRISE PRODUCTS OPERATING LLC,8311.369,Enterprise Products Partners
32109,2018,"ONEOK NGL PIPELINE, LLC",4756.61,ONEOK
22610,2014,"MAGELLAN PIPELINE COMPANY, LP",4505.5,Magellan Midstream Partners
2552,2015,COLONIAL PIPELINE CO,4500.92,Colonial Pipeline
31684,2017,PHILLIPS 66 PIPELINE LLC,4474.1,Phillips 66
1845,2015,"BUCKEYE PARTNERS, LP",4298.29,Buckeye Partners
18718,2010,SUNOCO PIPELINE L.P.,3466.74,Energy Transfer
22855,2013,"FLINT HILLS RESOURCES, LC",2757.4500000000003,Koch Industries
10012,2018,NUSTAR PIPELINE OPERATING PARTNERSHIP L.P.,2645.3,NuStar Energy
15674,2016,PLANTATION PIPE LINE CO,2564.73,Kinder Morgan
11169,2017,"ENBRIDGE ENERGY, LIMITED PARTNERSHIP",2460,Enbridge
32147,2013,MARATHON PIPE LINE LLC,2450.1,Marathon Petroleum
4906,2013,EXXONMOBIL PIPELINE CO,2053.1,Exxon Mobil
18092,2014,"SFPP, LP",1786.46,Kinder Morgan
2731,2012,CHEVRON PIPE LINE CO,1418.9,Chevron
4805,2016,EXPLORER PIPELINE CO,1388.07,Explorer Pipeline
32099,2017,ENERGY TRANSFER COMPANY,1310,Energy Transfer
31371,2014,"BUCKEYE DEVELOPMENT & LOGISTICS, LLC",1220.779,Buckeye Partners
30829,2017,ENTERPRISE CRUDE PIPELINE LLC,1191.3970000000002,Enterprise Products Partners
12628,2013,MOBIL  PIPE  LINE COMPANY,1060.99,Exxon Mobil
39205,2018,"DAPL-ETCO OPERATIONS MANAGEMENT, LLC",950.64,Energy Transfer
39596,2018,PERMIAN EXPRESS PARTNERS LLC,946.62,Energy Transfer
25146,2016,"EQUISTAR CHEMICALS, L.P.",933.1600000000001,LyondellBasell
38933,2018,"TESORO LOGISTICS OPERATIONS, LLC",930.6999999999999,Marathon Petroleum
31454,2017,"NUSTAR LOGISTICS, L.P.",901.0999999999999,NuStar Energy
31130,2018,DCP MIDSTREAM,828.814,DCP Midstream
31174,2012,"SHELL PIPELINE CO., L.P.",825.4,Royal Dutch Shell
32334,2018,TC OIL PIPELINE OPERATIONS INC,787.54,TransCanada USA
395,2010,AMOCO OIL CO,729,Amoco
31666,2010,"ROCKY MOUNTAIN PIPELINE SYSTEM, LLC",723.55,Plains GP Holding
32080,2017,"CCPS TRANSPORTATION, LLC",688,Enbridge
12470,2015,MID - VALLEY PIPELINE CO,662,Energy Transfer
3445,2014,DIXIE PIPELINE COMPANY LLC,656.323,Enterprise Products Partners
32103,2018,CRIMSON PIPELINE L.P.,628,Crimson Pipeline
32258,2014,KINDER MORGAN COCHIN LLC,617.26,Kinder Morgan
22430,2010,WEST SHORE PIPELINE CO,611.4399999999999,West Shore Pipeline
22830,2013,WOLVERINE PIPELINE CO,575.94,Marathon Petroleum
15156,2016,SINCLAIR TRANSPORTATION COMPANY,564,Sinclair Oil
31189,2010,BP PIPELINE (NORTH AMERICA) INC.,564,BP
39043,2018,"TALLGRASS PONY EXPRESS PIPELINE, LLC",528.26,Tallgrass Energy
32011,2017,"HOLLY ENERGY PARTNERS - OPERATING, L.P.",522.2,HollyFrontier
32502,2017,ENBRIDGE PIPELINES (SOUTHERN LIGHTS) L.L.C.,494,Enbridge
39029,2013,TESORO LOGISTICS PIPELINE LLC,491,Marathon Petroleum
30826,2011,WILLIAMS FIELD SERVICES,473.5,The Williams Companies
31720,2018,"EXPRESS HOLDINGS (USA), LLC",442.54,Enbridge
39398,2018,INEOS USA LLC,408.55,INEOS
26125,2013,CALNEV PIPELINE CO,405.89,Kinder Morgan
26149,2018,ALYESKA PIPELINE SERVICE CO,382.4,Alyeska Pipeline Service
30781,2017,OLYMPIC PIPE LINE COMPANY,380.7,BP
31045,2010,"GENESIS PIPELINE USA, L.P.",376.29,Genesis Energy
32683,2017,INLAND CORPORATION,358,Energy Transfer
18386,2011,BP OIL PIPELINE CO,357,BP
32551,2016,"BKEP PIPELINE, LLC",341.7,Blueknight Energy Partners
15485,2011,PHILLIPS 66 COMPANY - SWEENY REFINERY,340.237,Phillips 66
26085,2010,"PLAINS MARKETING, L.P.",336.27,Plains GP Holding
300,2011,"PLAINS PIPELINE, L.P.",326.8,Plains GP Holding
32296,2014,TARGA RESOURCES OPERATING LLC,326.22,Targa Resources
26086,2011,SEADRIFT PIPELINE CORP,319.18,CHS
2170,2018,CENEX PIPELINE LLC,310.7,CHS
30782,2017,HARVEST MIDSTREAM COMPANY,306.985,Harvest Midstream
31947,2012,ENBRIDGE PIPELINES (OZARK) L.L.C.,306.3,Enbridge
26049,2018,"COUNTRYMARK REFINING AND LOGISTICS, LLC",295.58,Countrymark
3527,2018,DOW PIPELINE CO,283.96,Dow Chemical
30755,2010,CITGO PRODUCTS PIPELINE CO,281,Citgo
9175,2013,JAYHAWK PIPELINE LLC,278.57,CHS
26134,2012,EXXONMOBIL OIL CORP - WEST COAST,278,Exxon Mobil
12105,2010,"MAGELLAN AMMONIA PIPELINE, L.P.",273,Magellan Midstream Partners
39138,2018,"BOARDWALK LOUISIANA MIDSTREAM, LLC",268.1,Loews Corporation
31325,2010,PACIFIC PIPELINE SYSTEM LLC,262.65,Plains
31888,2018,CENTURION PIPELINE L.P.,260.5,Occidental Petroleum
39105,2017,VALERO PARTNERS OPERATING CO. LLC,247.08100000000002,Valero Energy Corporation
5081,2018,"COFFEYVILLE RESOURCES CRUDE TRANSPORTATION, LLC",234.22,Icahn Enterprises
39504,2018,"MAGELLAN CRUDE OIL PIPELINE COMPANY, L.P.",234.07,Magellan Midstream Partners
30626,2018,TARGA NGL PIPE LINE CO,233.77,Targa Resources
32288,2014,"WHITE CLIFFS PIPELINE, LLC",233.5,SemGroup
20160,2011,"PETROLOGISTICS OLEFINS, LLC",233.48,Petrologistics Olefins
22442,2012,WEST TEXAS GULF PIPELINE CO,230,Energy Transfer
32005,2018,ENLINK LBU-GAS&LIQUIDS,224.571,Global Infrastructure Management
12634,2013,EXXONMOBIL OIL CORPORATION,224,Exxon Mobil
30657,2017,BRAVO PIPELINE COMPANY,217.52,Occidental Petroleum
31476,2013,ROSE ROCK MIDSTREAM L.P.,211.5,SemGroup
31166,2016,MUSTANG  PIPE  LINE  LLC,206.78,Eastman Chemical
12624,2016,EXXONMOBIL OIL CORPORATION,201.78,Exxon Mobil
15774,2017,NORTH DAKOTA PIPELINE COMPANY LLC,200,Marathon Petroleum
32412,2013,"MARKWEST LIBERTY MIDSTREAM & RESOURCES, L.L.C.",197,Markwest Liberty Midstream
4430,2012,VALERO TERMINALING AND DISTRIBUTION COMPANY,189.26999999999998,Valero Energy Corporation
2190,2016,CENTRAL FLORIDA PIPELINE CORP,187.75,Kinder Morgan
39887,2018,"TEXOMA CRUDE OIL PIPELINE CO., LLC",186.98,Texoma Crude Oil Pipeline
2714,2014,"DOMINION ENERGY TRANSMISSION, INC.",166.995,Dominion Energy
31574,2018,"WESTERN REFINING LOGISTICS, LP",160.5,Marathon Petroleum
32678,2018,KINDER MORGAN CRUDE AND CONDENSATE LLC,158.5,Kinder Morgan
11551,2013,"DELEK LOGISTICS OPERATING, LLC.",158.35,Delek Group
15786,2018,PORTLAND PIPE LINE CORPORATION,150.6,Suncor Energy
39083,2013,ARROW PIPELINE,146.74,Crestwood Equity Partners
39013,2016,TESORO SOCAL PIPELINE COMPANY LLC,144.9,Marathon Petroleum
39534,2018,TORRANCE VALLEY PIPELINE COMPANY LLC,144.5,PBF Energy
26065,2012,CHS MCPHERSON REFINERY INC.,144.07999999999998,CHS
32481,2011,"BKEP CRUDE, LLC",141.54,Blueknight Energy Partners
26026,2013,"MARKWEST RANGER PIPELINE COMPANY, L.L.C.",141.5,Marathon Petroleum
1248,2014,BELLE FOURCHE PIPELINE CO,140,True Companies
39098,2015,"TEXSTAR MIDSTREAM LOGISTICS, LP",137.09,Texstar Midstream
19319,2018,"TPC GROUP, LLC",136.878,TPC Group
31270,2015,TRI-STATES NGL PIPELINE LLC,134.7,Enterprise Products Partners
30959,2017,THE DOW CHEMICAL COMPANY,131.97000000000003,Dow Chemical
31875,2017,MERIT ENERGY COMPANY,131.2,Merit Energy Company
26136,2014,PARAMOUNT PETROLEUM CORP,129.97,Delek Group
39368,2016,CRESTWOOD MIDSTREAM PARTNERS LP,129.702,Crestwood Equity Partners
32493,2018,"UNEV PIPELINE, LLC",125.3,HollyFrontier
32614,2017,"WILLIAMS OLEFINS FEEDSTOCK PIPELINES, LLC",124.98,The Williams Companies
31517,2016,ASCEND PERFORMANCE MATERIALS TEXAS INC,123.14,Ascend Performance Materials Texas
31822,2018,SUNCOR ENERGY (USA) PIPELINE CO.,122.87,Suncor Energy
31570,2013,TESORO HIGH PLAINS PIPELINE COMPANY LLC,121.5,Marathon Petroleum
994,2011,"WILLIAMS FIELD SERVICES - GULF COAST COMPANY, LP",121.4,The Williams Companies
32035,2010,LDH ENERGY PIPELINE L.P.,121,LDH Energy
26103,2018,"TEXAS EASTMAN DIVISION, EASTMAN CHEMICAL CO",116.26,Eastman Chemical
26120,2012,COLLINS PIPELINE CO,116,PBF Energy
5656,2010,FRONTIER PIPELINE CO,115.48,HollyFrontier
39183,2018,"MEDALLION OPERATING COMPANY, LLC",113.28,Medallion Midstream
7660,2018,HUNT CRUDE OIL SUPPLY CO,112.4,Hunt Crude Oil
32107,2016,"ENLINK NGL PIPELINE, LP",111.089,Global Infrastructure Management
30909,2018,TRANSMONTAIGNE OPERATING COMPANY L.P.,108.59,ArcLight Capital Holdings
32541,2015,"COPANO NGL SERVICES (MARKHAM), LLC",108.5,Kinder Morgan
31579,2018,"MAGELLAN PIPELINES HOLDINGS, LP",108.21000000000001,Magellan Midstream Partners
32679,2015,PARKWAY PIPELINE LLC,107.27,Valero Energy Corporation
39401,2018,GREAT SALT PLAINS PIPELINE LLC,105.95,Great Salt Plains Midstream
473,2018,ANADARKO PETROLEUM CORP,105.13000000000001,Anadarko Petroleum
15851,2010,"DELEK MARKETING AND SUPPLY, LP",105,Delek Group
26061,2018,"DELEK CRUDE LOGISTICS, LLC.",104.14999999999999,Delek Group
32246,2010,LDH ENERGY MONT BELVIEU L.P.,102.46,LDH Energy
32407,2015,"GENESIS PIPELINE TEXAS, L.P.",101.14,Genesis Energy
26099,2010,TAMPA BAY PIPELINE CO.,101.1,Tampa Bay Pipeline Corporation
32632,2014,"JP ENERGY MARKETING, LLC",99.17,American Midstream Partners
39080,2016,GLASS MOUNTAIN PIPELINE,98.83,Glass Mountain Pipeline
39774,2017,"GLASS MOUNTAIN PIPELINE, LLC",98.83,Glass Mountain Pipeline
30777,2018,MOTIVA ENTERPRISE LLC,97.49000000000001,Saudi Refining Inc
39347,2017,"ILLINOIS EXTENSION PIPELINE COMPANY, L.L.C.",97,Marathon Petroleum
39535,2016,TORRANCE PIPELINE COMPANY LLC,96.673,PBF Energy
39348,2016,"NUSTAR PERMIAN TRANSPORTATION AND STORAGE, LLC",95.4,NuStar Energy
31555,2014,KINDER MORGAN CO2 CO. LP,94,Kinder Morgan
31878,2014,BRIDGER PIPELINE LLC,92,Bridger Pipe Line
32619,2018,"HILAND CRUDE, LLC",91.96,Kinder Morgan
39440,2018,DOUBLE H,91.76,Kinder Morgan
32283,2018,"FRONT RANGE PIPELINE, LLC.",91.57,CHS
26041,2016,"KINDER MORGAN LIQUID TERMINALS, LLC",91.36,Kinder morgan
31610,2012,BP WEST COAST PRODUCTS L.L.C.,91,BP
39841,2018,RED BUTTE PIPELINE LLC,90.6,Marathon Oil Corporation
39848,2018,LAMBDA ENERGY RESOURCES LLC,89.5,Lambda Energy Resources
32543,2017,"DENBURY GREEN PIPELINE-TEXAS, LLC",89.42,Denbury Resources
31448,2017,ENBRIDGE PIPELINES (TOLEDO) INC,89,Enbridge
31663,2015,NAVAJO NATION OIL AND GAS COMPANY,87.51,Navajo Nation Oil and Gas
3466,2011,DOME PETROLEUM CORP,84.3,NA
31556,2015,CHEVRON MIDSTREAM PIPELINES LLC,82.9,NA
4472,2015,CYPRESS INTERSTATE PIPELINE LLC,80.84,NA
31460,2017,DOD DEFENSE ENERGY SUPPORT CENTER,79.73,NA
7063,2018,HARBOR PIPELINE CO,78.41,NA
14194,2014,"OILTANKING, HOUSTON LP",77.61,NA
2371,2014,"WESTERN REFINING SOUTHWEST, INC",76.9,NA
31023,2012,CITGO REFINING & CHEMICAL CO. L.P.,75.3,NA
32114,2015,COPANO NGL SERVICES LLC,75.18,NA
31957,2014,KINDER MORGAN WINK PIPELINE LLC,75,NA
39284,2017,ORYX SO. DELAWARE OGT LLC,72.91,NA
31673,2010,LDH ENERGY OLEFINS LLC,72,NA
39823,2018,TARGA DOWNSTREAM LLC,71.9,NA
14391,2018,"OSAGE PIPE LINE COMPANY, LLC",71.6,NA
26112,2016,VALERO REFINING-TEXAS L.P.,71.47,NA
2162,2011,DOW PIPELINE CO - CAYUSE,71,NA
31583,2011,TESORO LOGISTICS OPERATIONS LLC - MOUNTAIN REGION,70.81,NA
31554,2015,"BOARDWALK PETROCHEMICAL PIPELINE, LLC",69.7,NA
39023,2013,DOUBLE EAGLE PIPELINE LLC,68.46,NA
2387,2014,CITGO PIPELINE CO,67.486,NA
31755,2018,"NOBLE MIDSTREAM SERVICES, LLC",64.58,NA
31167,2012,MOEM PIPELINE LLC,64,NA
39156,2014,"FRIO LASALLE PIPELINE, LP",63.51,NA
2339,2014,CHEVRON PRODUCTS COMPANY - HAWAII,62.8,NA
31627,2017,"DENBURY ONSHORE, LLC",60.31,NA
31874,2011,TESORO LOGISTICS OPERATIONS LLC - GOLDEN EAGLE,59.790000000000006,NA
39518,2016,KINDER MORGAN UTOPIA LLC,59.11,NA
32545,2017,"DENBURY GULF COAST PIPELINES, LLC",59.01,NA
30968,2010,BEARTOOTH PIPELINE,55.13,NA
31228,2013,"CALIFORNIA RESOURCES ELK HILLS, LLC",53.599999999999994,NA
26094,2010,NUSTAR TERMINALS OPERATIONS PARTNERSHIP L. P.,52.6,NA
31538,2011,"GENON PINEY POINT, LLC",52,NA
26039,2013,FLORIDA POWER & LIGHT CO,51.851,NA
38922,2012,MIPC LLC,51.36,NA
8166,2015,INTERSTATE ENERGY COMPANY,49.4,NA
39124,2018,EQUINOR PIPELINES LLC,49.35,NA
402,2013,"MARKWEST EAST TEXAS PNG UTILITY, LLC",49.2,NA
38913,2014,STATOIL OIL & GAS LP,49,NA
31919,2018,MIDSTREAM ENERGY PARTNERS (USA) LLC,47.5,NA
39892,2018,DAYLIGHT PETROLEUM LLC,47.5,NA
31582,2013,"ONEOK ROCKIES MIDSTREAM, LLC",47,NA
39556,2018,ISLAND ENERGY SERVICES,45.259,NA
39941,2018,"MARKWEST UTICA EMG, L.L.C.",44.51,NA
10250,2012,KIANTONE PIPELINE CORP,44.41,NA
19585,2013,TRANS MOUNTAIN PIPELINE (PUGET SOUND) LLC,42,NA
31863,2016,HFOTCO LLC,41.2,NA
26048,2016,HUNT REFINING CO,41.1,NA
39095,2016,ERGON - TEXAS PIPELINE,41,NA
39010,2016,"BLUE RACER MIDSTREAM, LLC",40.642,NA
31546,2018,CENTRAL LOUISIANA ENERGY PIPELINE CO (CLEPCO),40.3,NA
11032,2018,SPIRE MISSOURI INC. EAST,40.042,NA
3535,2012,DOW PIPELINE CO,39.81,NA
32253,2011,TESORO LOS ANGELES REFINERY,39.739999999999995,NA
32346,2013,"TOTAL PETROCHEMICALS PIPELINE USA , INC.",39.4,NA
39360,2018,"FAIRWAY ENERGY PARTNERS, LLC",38.08,NA
39785,2018,"EPIC CONSOLIDATED OPERATIONS, LLC",38.04,NA
15979,2017,"ERGON TERMINALING, INC.",38,NA
31580,2013,"MAGELLAN TERMINALS HOLDINGS, LP",37,NA
10346,2011,KUPARUK TRANSPORTATION CO,36.862,NA
32120,2018,NORTHVILLE INDUSTRIES CORP.,36.69,NA
32245,2010,LDH ENERGY HASTINGS LLC,36.3,NA
20202,2017,ULTRAMAR INC,36.11,NA
32631,2013,TESORO GREAT PLAINS MIDSTREAM LLC,36,NA
30735,2011,TESORO ALASKA PIPELINE COMPANY LLC,35.75,NA
30005,2010,MOBIL PACIFIC PIPELINE CO,35,NA
9171,2013,"MARKWEST JAVELINA PIPELINE COMPANY, LLC",35,NA
31723,2018,EXXONMOBIL FUELS AND LUBRICANTS COMPANY,34.857,NA
31970,2018,"CONOCOPHILLIPS ALASKA, INC.",34.744,NA
32445,2018,SOUTHCROSS NGL PIPELINE LTD.,34.7,NA
31552,2018,ALPINE TRANSPORTATION CO.,34.634,NA
39462,2018,"BAYOU BRIDGE PIPELINE, LLC",34.45,NA
31724,2018,SOUTHERN COMPANY PIPELINES,34.25,NA
32094,2013,AUX SABLE LIQUID PRODUCTS,34.006,NA
515,2018,DAKOTA GASIFICATION COMPANY,32.9,NA
31613,2018,"MIDCOAST PIPELINES (EAST TEXAS), L.P.",32.57,NA
5320,2016,"DUKE ENERGY FLORIDA, LLC D/B/A DUKE ENERGY",32.15,NA
39106,2018,BOE MIDSTREAM,30.6,NA
99037,2014,SOUTH WILMINGTON-PIPELINE,28.6,NA
31721,2018,PIPELINE TECHNOLOGY,28.3,NA
32117,2018,ENLINK ASCENSION,28.07,NA
39474,2018,MODA INGLESIDE LLC,28.07,NA
31341,2018,OLIKTOK PIPELINE COMPANY,28.065,NA
31871,2015,"MARKWEST MICHIGAN PIPELINE COMPANY, L.L.C.",27.7,NA
39339,2018,TINSLEY RESOURCES  LLC,27.58,NA
31672,2014,"CHAPARRAL ENERGY, LLC",27.44,NA
39919,2018,"MARKWEST BLUESTONE ETHANE PIPELINE, L.L.C.",27.16,NA
1960,2018,BUTTE PIPELINE CO,27,NA
39228,2018,ANDEAVOR FIELD SERVICES LLC,26.4,NA
32411,2013,"GENESIS PIPELINE ALABAMA, LLC",26.16,NA
38887,2018,IMTT EPIC LLC,25.79,NA
32526,2010,COWTOWN PIPELINE PARTNERS L.P.,25.63,NA
18779,2012,"SUNOCO, INC (R&M)",25.560000000000002,NA
39924,2018,"MARKWEST JAVELINA COMPANY, L.L.C.",25.28,NA
39090,2018,"NUTAAQ PIPELINE, LLC",25.05,NA
39389,2018,"GEL TEXAS PIPELINE, LLC",25.03,NA
39433,2018,"MAGELLAN OPERATING COMPANY, LLC",25,NA
26302,2018,MUSTANG PIPELINE CO,24.704,NA
32223,2015,VALERO REFINING COMPANY - CALIFORNIA,24.65,NA
32688,2011,WEST COAST TERMINAL PIPELINE  (WCTP),23.98,NA
39147,2018,"ENABLE GAS GATHERING, LLC",23.74,NA
31470,2011,VECTREN ENERGY DELIVERY OF OHIO,23.6,NA
1047,2010,HESS CORPORATION,23.49,NA
32495,2018,"DELAWARE PIPELINE COMPANY, LLC",23.4,NA
32004,2013,QEP FIELD SERVICES COMPANY,23.39,NA
39358,2017,"VELOCITY CENTRAL OKLAHOMA PIPELINE, LLC",23.3,NA
39436,2018,INDORAMA VENTURES OLEFINS LLC,23.22,NA
18678,2014,ST LOUIS PIPELINE OPERATING LLC,23,NA
38893,2018,PTE PIPELINE LLC,22.25,NA
39532,2018,TORRANCE BASIN PIPELINE COMPANY LLC,22.173000000000002,NA
26303,2010,UNOCAL PIPELINE CO - EASTERN REGION,21.7,NA
39132,2016,"COLUMBIA MIDSTREAM GROUP, LLC",21.6,NA
39920,2018,"MARKWEST LIBERTY ETHANE PIPELINE, L.L.C.",21.23,NA
39922,2018,"MARKWEST LIBERTY NGL PIPELINE, L.L.C.",21.23,NA
31443,2012,"ALON USA, LP",21,NA
30658,2012,KERN OIL & REFINING CO.,20.41,NA
39414,2018,NST EXPRESS LLC,19.8,NA
99031,2018,CITGO PETROLEUM CORPORATION (TERMINALS),19.389,NA
31423,2013,ENBRIDGE ENERGY MARKETING LLC,19.33,NA
31824,2018,"CALUMET LUBRICANTS CO., L.P.",19,NA
32410,2015,"GENESIS FREE STATE PIPELINE, LLC",18.82,NA
31057,2018,"HECO - HAWAIIAN ELECTRIC COMPANY, INC.",18,NA
19892,2011,UCAR PIPELINE INCORPORATED,17.92,NA
31051,2017,"TIDEWATER, INC",17.784,NA
39099,2018,CALIBER NORTH DAKOTA LLC,17.74,NA
31506,2010,CONOCOPHILLIPS COMPANY (E&P-L-48),17.6,NA
38964,2018,"PHILADELPHIA ENERGY SOLUTIONS REFINING AND MARKETING, LLC",17.13,NA
30709,2011,HUNTSMAN PETROCHEMICAL LLC,17.04,NA
21359,2016,SASOL CHEMICALS USA LLC,17,NA
32277,2018,OXEA CORPORATION,17,NA
39075,2018,"ENLINK TEXAS NGL PIPELINE, LLC",16.752,NA
39638,2018,ALPINE HIGH NGL PIPELINE LP,16.71,NA
39187,2018,"THUNDER CREEK NGL PIPELINE, LLC",16.4,NA
39303,2018,"BASA RESOURCES, INC.",16.02,NA
32331,2016,"PASADENA REFINING SYSTEM, INC.",15.936,NA
39173,2016,"PENNTEX MIDSTREAM PARTNERS, LLC",15.9,NA
32051,2017,"MARTIN OPERATING PARTNERSHIP, L.P.",15.82,NA
30683,2012,WESTLAKE PETROCHEMICALS LLC,15.654,NA
39477,2018,"KEYERA ENERGY, INC.",15.48,NA
39302,2016,"REPUBLIC MIDSTREAM, LLC",15.21,NA
30544,2014,OCCIDENTAL CHEMICAL CORP,15,NA
39739,2018,OCELOT ENERGY MANAGEMENT LLC,15,NA
39648,2018,VALERO HOUSTON REFINERY,14.75,NA
31719,2016,HILAND PARTNERS HOLDINGS LLC,14.56,NA
31884,2013,ENBRIDGE PIPELINES (LOUISIANA LIQUIDS) L.L.C.,14.42,NA
39277,2018,"AMERICAN MIDSTREAM BAKKEN, LLC",14.42,NA
32386,2013,OILTANKING BEAUMONT PARTNERS L.P.,14.37,NA
31049,2018,MCCHORD PIPELINE CO.,14.25,NA
32652,2018,PETROSANTANDER (USA) INC.,14.2,NA
32272,2018,SAN ANTONIO PIPELINE CORPORATION,14,NA
39135,2018,"VICTORIA EXPRESS PIPELINE, L.L.C.",14,NA
32297,2011,"LUMEN MIDSTREAM PARTNERSHIP, LLC",13.9,NA
39492,2018,"CELANESE CHEMICALS, INC",13.75,NA
32559,2011,"ALON USA KROTZ SPRINGS REFINERY, INC",13.3,NA
32414,2017,"MARKWEST OKLAHOMA GAS COMPANY, L.L.C.",13.1,NA
32142,2015,CASCADE PIPELINE,13.04,NA
32135,2015,PHILLIPS 66 COMPANY - LOS ANGELES REFINERY,13,NA
39065,2017,HESS ND,12.967,NA
18275,2018,SHELL CHEMICAL CO,12.6,NA
31136,2018,WICKLAND PIPELINES LLC,12.6,NA
32284,2018,PENNZOIL-QUAKER STATE D/B/A SOPUS PRODUCTS,12.3,NA
31779,2018,SWISSPORT FUELING INC,12.28,NA
879,2015,CHEMOIL TERMINALS CORP.,12.11,NA
4908,2018,"EXXONMOBIL PRODUCTION COMPANY, A DIVISION OF EXXON MOBIL CORPORATION",12,NA
32532,2018,"ENERGY XXI PIPELINE, LLC",11.29,NA
1541,2013,"BP PIPELINES (ALASKA), INC",11.2,NA
32215,2018,NOVA CHEMICALS (CANADA) LTD.,11.15,NA
39108,2018,BLUEFISH PIPELINE LLC,10.78,NA
30940,2014,"WILLIAMS ENERGY, LLC",10.7,NA
31420,2018,VOPAK TERMINAL LOS ANGELES INC.,10.61,NA
31604,2010,EQT MIDSTREAM,10.56,NA
99002,2018,TAMPA AIRPORT PIPELINE CORPORATION,10.5,NA
31059,2018,BASF CORPORATION,10.23,NA
2564,2010,COLORADO INTERSTATE GAS CO,9.963000000000001,NA
15915,2018,"PIPELINES OF PUERTO RICO INCD, THE",9.5,NA
4461,2018,"EOG RESOURCES, INC",9.5,NA
5524,2011,FOUR STAR OIL & GAS CO,9.4,NA
11272,2018,LAVACA PIPELINE CO,9.15,NA
39467,2018,"KURARAY AMERICA, INC.",9.14,NA
31856,2011,"TPM, INC",9.1,NA
32650,2018,LEMM CORPORATION - OPERATIONS,9.1,NA
15645,2018,PLACID PIPELINE COMPANY LLC,9,NA
31434,2016,PALMER PETROLEUM INC,9,NA
32409,2010,"GENESIS C02 PIPELINE, L.P.",8.99,NA
31877,2017,"WESTERN REFINING TERMINALS, LLC",8.79,NA
32455,2016,"HAWTHORN OIL TRANSPORTATION (OKLAHOMA), INC",8.75,NA
39675,2018,"SCT PIPELINE, LLC",8.75,NA
32453,2015,BHP BILLITON PETROLEUM (EAGLE FORD GATHERING) LLC,8.65,NA
32523,2017,ST. PAUL PARK REFINING CO. LLC,8.6,NA
39540,2018,"ARB MIDSTREAM, LLC",8.5,NA
32610,2016,"TRISTREAM EAST TEXAS, LLC",8.45,NA
39803,2017,"MAJOR MIDSTREAM OPERATING PARTNERS, LLC",8.45,NA
39241,2017,ZENITH ENERGY TERMINALS JOLIET HOLDINGS LLC,8.214,NA
39342,2018,MOTIVA DISTRIBUTION,8.201,NA
18201,2016,SENECA RESOURCES CORP,8.2,NA
30825,2014,CITGO PETROLEUM CORPORATION (REFINERY),8,NA
31636,2018,NORTHERN STATES POWER CO OF MINNESOTA,8,NA
32503,2015,"CALUMET SHREVEPORT FUELS, LLC",8,NA
38945,2017,BAKKEN PIPELINE COMPANY LP,8,NA
39216,2018,TALLGRASS MIDSTREAM LLC,8,NA
39239,2017,"POWDER RIVER OPERATING, LLC",7.95,NA
3156,2016,DAVIS GAS PROCESSING,7.9,NA
8175,2018,INTERSTATE STORAGE & PIPELINE C0,7.8,NA
30901,2017,AIRCRAFT SERVICES INTERNATIONAL GROUP (ASIG),7.6,NA
6911,2018,GULF STATE PIPELINE CO INC,7.4,NA
31178,2018,XTO ENERGY INC,7.3,NA
31202,2017,"ENABLE MIDSTREAM PARTNERS, LP",7.3,NA
32095,2018,"LBC HOUSTON, L.P.",7.204,NA
31425,2018,MIDCOAST PIPELINES (TEXAS GATHERING) L.P.,7.18,NA
39654,2018,ORYX DELAWARE OIL TRANSPORT LLC,7.11,NA
20046,2015,UNION CARBIDE CHEMICALS & PLASTICS CO INC,7.1,NA
38894,2018,"THUNDER BASIN PIPELINE, LLC",7.07,NA
31391,2018,"LINDE GAS NORTH AMERICA, LLC",7,NA
31526,2013,DELAWARE STORAGE AND PIPELINE COMPANY,7,NA
32554,2011,CARDINAL MIDSTREAM LLC,6.75,NA
38952,2013,APL ARKOMA HOLDINGS LLC,6.75,NA
39754,2018,"PERDURE PETROLEUM, LLC",6.6,NA
38942,2013,"SANDRIDGE ONSHORE, LLC",6.5,NA
31973,2016,BOC GASES,6.4,NA
39976,2018,"MARKWEST LIBERTY BLUESTONE, L.L.C.",6.27,NA
39410,2018,RELIANCE GATHERING LLC,6.25,NA
18526,2014,"SOUTHERN UNION GAS SERVICES, LTD",6.2,NA
31285,2013,HOUSTON AMMONIA TERMINAL,6.2,NA
31056,2018,"SIGNATURE FLIGHT SUPPORT, M&O _ HONOLULU",6,NA
39050,2018,"CASPER CRUDE TO RAIL, LLC",5.7,NA
38937,2018,"MIDCOAST ENERGY, LLC",5.58,NA
12913,2014,SUPERIOR REFINING COMPANY LLC,5.572,NA
32602,2013,"SOCAL HOLDINGS, LLC / LA BASIN",5.542,NA
31886,2011,DUKE ENERGY OHIO - LIQUID,5.4,NA
31933,2018,CALCASIEU REFINING COMPANY,5.4,NA
32643,2018,"LT PIPELINE, INC.",5.3,NA
32617,2012,"SADDLE BUTTE PIPELINE, LLC",5.23,NA
39647,2018,VALERO TEXAS CITY REFINERY,5.22,NA
39307,2018,SUNOCO MIDLAND GATHERING LLC,5.09,NA
31536,2018,"GOLDEN VALLEY ELECTRIC ASSOCIATION, INC",5.05,NA
32447,2010,"HAWTHORN OIL TRANSPORTATION (NORTH DAKOTA), INC.",4.92,NA
32507,2017,"CORONADO PIPELINE COMPANY , LLC",4.9,NA
39617,2018,SHELL OIL PRODUCTS US - CONVENT REFINERY,4.9,NA
39506,2018,PEAK MIDSTREAM GOLDSBORO LLC,4.89,NA
39012,2018,"SUMMIT MIDSTREAM PARTNERS, LLC",4.8,NA
99001,2018,DEFENSE FUEL SUPPLY POINT,4.72,NA
31075,2018,E&B NATURAL RESOURCES MANAGEMENT CORP,4.61,NA
32454,2018,"DRY TRAILS MIDSTREAM ENERGY, LLC",4.61,NA
32364,2016,"VALERO REFINING-NEW ORLEANS, L.L.C.",4.54,NA
39046,2018,"BRIDGER SWAN RANCH, LLC",4.46,NA
32522,2018,NRG OSWEGO HARBOR POWER,4.2,NA
32044,2015,BP USFO/LOGISTICS,4.1,NA
38938,2015,"WTG NGL PIPELINE COMPANY, LLC",4,NA
32312,2014,TALISMAN ENERGY USA INC,3.97,NA
39336,2018,"BR PORT SERVICES, LLC",3.91,NA
39509,2018,"ITC PIPELINE COMPANY, LLC",3.874,NA
39409,2018,"CHALMETTE REFINING, L.L.C.",3.79,NA
39292,2018,"TWIN EAGLE MIDSTREAM ASSETS, LLC",3.77,NA
39227,2015,CALIFORNIA RESOURCES VENTURA BASIN,3.72,NA
39731,2018,VANTAGE PIPELINE US LP,3.68,NA
32178,2013,CALIFORNIA RESOURCES CENTRAL VALLEY,3.64,NA
39684,2018,ROCKY MOUNTAIN MIDSTREAM PIPELINE LLC,3.58,NA
999,2012,"PACIFIC COAST ENERGY COMPANY, LP",3.54,NA
20035,2011,UNOCAL PIPELINE COMPANY,3.5,NA
31806,2016,"LINN WESTERN OPERATING, INC",3.5,NA
39694,2018,"BRIDGE ENERGY, LLC",3.5,NA
31887,2018,DUKE ENERGY KENTUCKY - LIQUID,3.41,NA
32007,2015,SUPERIOR PIPELINE COMPANY L.L.C.,3.35,NA
39149,2018,IMTT-BAYONNE,3.35,NA
38885,2013,"TEXSTAR MIDSTREAM UTILITY, LP",3.25,NA
39061,2017,INDORAMA VENTURES (OXIDE & GLYCOLS) LLC,3.2,NA
39487,2015,COPANO PROCESSING LLC,3.16,NA
32492,2015,"GENESIS CRUDE OIL, L.P.",3.15,NA
99043,2012,PETROLEUM FUEL AND TERMINAL COMPANY,3.14,NA
32104,2013,"CENTRAL RESOURCES, INC.",3.09,NA
38966,2015,NOVA CHEMICALS INC.,3.08,NA
30003,2018,HOUSTON REFINING LP.,3,NA
31352,2014,WHITING PETROLEUM CORP,3,NA
31847,2018,"CALUMET LUBRICANTS CO., L. P.",3,NA
32234,2013,"EAGLE ROCK OPERATING, L.P.",3,NA
32318,2012,PRISM LIQUIDS PIPELINE LLC,3,NA
32428,2018,"INTERCONTINENTAL TERMINAL COMPANY, LLC",3,NA
32483,2013,"BRIDGER LAKE, LLC",3,NA
39129,2015,DELAWARE BASIN NGL PIPELINE LLC,3,NA
38895,2018,KINDER MORGAN SOUTHEAST TERMINALS,2.92,NA
38921,2017,TARGA SOUND TERMINAL LLC,2.9,NA
39122,2018,UTICA EAST OHIO MIDSTREAM LLC,2.9,NA
38903,2014,BOARD OF PUBLIC UTILITIES,2.84,NA
32613,2014,"OILTANKING PORT NECHES, LLC",2.8,NA
32266,2010,ST. JAMES OIL CORPORATION,2.78,NA
39421,2018,"NASCO PETROLEUM, LLC",2.78,NA
39906,2018,"SEAPORT SOUND TERMINAL, LLC",2.7,NA
39229,2018,CAMINO REAL GATHERING CO LLC,2.63,NA
31455,2018,"CALUMET MONTANA REFINING, LLC",2.6,NA
38924,2018,NGL CRUDE TERMINALS,2.6,NA
39950,2018,"3 BEAR DELAWARE OPERATING-NM, LLC",2.52,NA
31083,2015,HAWAII ELECTRIC LIGHT,2.5,NA
39817,2018,TN AVENUE LLC,2.5,NA
32566,2015,GREENCORE PIPELINE COMPANY LLC,2.485,NA
39533,2016,TORRANCE LOGISTICS COMPANY LLC,2.3289999999999997,NA
8014,2018,IDAHO PIPELINE CORP,2.32,NA
30834,2010,TIDELANDS OIL PRODUCTION COMPANY,2.288,NA
32575,2018,"DEEPROCK OIL OPERATING, LLC",2.252,NA
38968,2018,OASIS PETROLEUM NORTH AMERICA,2.25,NA
39649,2018,"IRONWOOD MIDSTREAM ENERGY PARTNERS, LLC",2.25,NA
30666,2018,"ENMARK ENERGY, INC",2.24,NA
31304,2014,"DEVON GAS SERVICES, LP",2.2,NA
3345,2018,DEVON ENERGY PRODUCTION CO. LP,2.2,NA
38899,2016,"BREITBURN MANAGEMENT COMPANY, LLC",2.12,NA
32096,2017,WYNNEWOOD REFINERY COMPANY,2.1,NA
39271,2018,EAGLECLAW MIDSTREAM VENTURES,2.097,NA
31312,2016,WEST PHOENIX POWER PLANT,2,NA
31869,2011,"PRISM GAS SYSTEMS I, L.P.",2,NA
31937,2011,"TPCO, LLC",2,NA
39104,2013,SKEISUI SPECIALTY CHEMICALS AMERICA,2,NA
39196,2018,CHEYENNE RAIL HUB,1.8,NA
39589,2018,"STATELINE CRUDE, LLC",1.73,NA
32232,2012,"WTG GAS PROCESSING, L.P.",1.7,NA
32355,2014,REGENCY LIQUIDS PIPELINE LLC,1.7,NA
39670,2018,"SEAHAWK PIPELINE, LLC",1.7,NA
32450,2018,"ROADRUNNER PIPELINE, L.L.C.",1.67,NA
31849,2015,OGLETHORPE POWER CORPORATION,1.61,NA
38919,2013,LEGACY RESERVES OPERATING LP,1.6,NA
32082,2018,"ZENITH ENERGY TERMINALS HOLDINGS, LLC",1.569,NA
32537,2017,WYOMING PIPELINE COMPANY,1.5,NA
39827,2018,"SWISSPORT SA FUEL SERVICES, LLC",1.5,NA
31135,2013,PETRO-DIAMOND TERMINAL COMPANY,1.459,NA
39376,2018,"BLUE CUBE OPERATIONS, LLC.",1.43,NA
39820,2018,"MAVERICK TERMINALS CORPUS, LLC",1.31,NA
32388,2014,"LINN OPERATING, INC",1.27,NA
39708,2018,"SYDRI OPERATING, INC.",1.27,NA
32195,2011,"SIGNAL HILL PETROLEUM, INC.",1.229,NA
38926,2018,BLACK BEAR MIDSTREAM LLC,1.21,NA
39153,2018,"ENLINK MIDSTREAM OPERATING, LP",1.191,NA
39717,2017,NORTHSTAR TERMINAL PORT ARTHUR LLC,1.005,NA
30711,2018,HILCORP ENERGY COMPANY,1,NA
30756,2017,WYOMING REFINING CO,1,NA
31914,2011,NGL SUPPLY TERMINAL COMPANY LLC,1,NA
38935,2016,"PACER ENERGY TERMINALS, LLC",1,NA
32520,2018,CITY OF BANGOR,0.934,NA
26111,2018,UNITED REFINING CO,0.93,NA
39191,2018,CONSOLIDATED EDISON CO OF NY,0.92,NA
39960,2018,"MARKWEST PIPELINE COMPANY, L.L.C.",0.8,NA
32365,2018,GULFPORT ENERGY CORPORATION,0.75,NA
39369,2017,ELLSJET TERMINAL,0.75,NA
39495,2017,"ENLINK CRUDE PIPELINE, LLC",0.69,NA
31471,2015,"SANDRIDGE CO2, LLC",0.54,NA
31475,2018,TRINITY PIPELINE GP LLC,0.54,NA
39581,2018,CALIBER BEAR DEN INTERCONNECT LLC,0.53,NA
14145,2013,ENLINK LBU-ORV,0.517,NA
38930,2018,"PATOKA TERMINAL COMPANY, LLC",0.45,NA
32677,2014,CRESTWOOD DAKOTA PIPELINE LLC,0.42,NA
31816,2018,"MID-CONTINENT FRACTIONATION AND STORAGE, L.L.C.",0.4,NA
39752,2018,"STAKEHOLDER GAS UTILITY, LLC",0.4,NA
39038,2013,E&T LLC,0.37,NA
19481,2014,T & M TERMINAL CO,0.32,NA
31523,2018,ANDERSON OIL LTD,0.3,NA
31703,2010,CHESAPEAKE MIDSTREAM,0.3,NA
32646,2011,CHESAPEAKE OPERATING INC.,0.3,NA
39888,2018,FORE RIVER ENERGY CENTER,0.3,NA
19410,2016,THUMS LONG BEACH CO,0.27,NA
22465,2017,TARGA PIPELINE MID-CONTINENT WESTTEX LLC,0.25,NA
32251,2018,"RIBOST TERMINAL LLC, DBA WORLD OIL TERMINALS",0.22,NA
32009,2017,EXXONMOBIL OIL CORPORATION-TERMINALS,0.21,NA
31982,2018,"KOCH FERTILIZER, LLC.",0.185,NA
39666,2018,FORMULA MIDSTREAM PARTNERS LLC,0.14,NA
31472,2018,SCISSORTAIL ENERGY LLC,0.09,NA
26330,2018,"ENABLE OKLAHOMA INTRASTATE TRANSMISSION, LLC",0.08,NA
12303,2015,MCMORAN OIL & GAS CO,0,NA
19102,2018,ENERGEN RESOURCES CORP.,0,NA
2730,2017,CHEVRON PRODUCTS COMPANY,0,NA
30792,2018,LAMAR OIL & GAS,0,NA
31013,2016,TRANSPETCO TRANSPORT CO.,0,NA
31082,2012,KEY PIPELINE LIMITED,0,NA
31199,2018,ALLIANCE PIPELINE L.P.,0,NA
31256,2018,"AMERICAN MIDSTREAM GAS SOLUTIONS, LP",0,NA
31451,2018,KINDER MORGAN TEXAS PIPELINE CO,0,NA
31502,2018,OCCIDENTAL PERMIAN LTD,0,NA
31630,2012,BP AMERICA PRODUCTION,0,NA
31687,2018,"HILL-LAKE GAS STORAGE, LLC",0,NA
31707,2018,CHEVRON U.S.A. INC - PERMIAN BASIN,0,NA
31758,2016,ALTAGAS FACILITIES (US) INC,0,NA
31774,2016,"EP ENERGY E&P COMPANY, L.P.",0,NA
31776,2017,CONTINUUM MIDSTREAM LLC,0,NA
31778,2016,ENCANA OIL & GAS (USA) INC,0,NA
31801,2018,TANDEM ENERGY CORPORATION,0,NA
31864,2018,APACHE CORPORATION,0,NA
31897,2018,"THE GEORGE R. BROWN PARTNERSHIP, L.P.",0,NA
31943,2018,MIDCOAST GATHERING (NORTH TEXAS) L.P.,0,NA
31948,2011,ENBRIDGE STORAGE (PATOKA) L.L.C.,0,NA
32073,2018,LUCID ARTESIA COMPANY,0,NA
32118,2017,"ENLINK NORTH TEXAS GATHERING, LP",0,NA
32129,2018,OKLAHOMA GAS PROCESSING,0,NA
32131,2016,"MARLIN MIDSTREAM, LLC",0,NA
32141,2017,RESOLUTE NATURAL RESOURCES COMPANY,0,NA
32161,2011,"BMC HOLDINGS, INC.",0,NA
32174,2018,MCCAIN PIPELINE COMPANY,0,NA
32248,2018,"FRONTIER FIELD SERVICES, LLC",0,NA
32285,2018,"WORSHAM-STEED GAS STORAGE, LLC",0,NA
32327,2018,TEXAS PIPELINE LLC,0,NA
32385,2010,"FRONTIER GAS SERVICES, LLC",0,NA
32476,2018,"TREETOP MIDSTREAM SERVICES, LLC",0,NA
32517,2016,SWISSPORT FUELING INC,0,NA
32576,2018,CRESTWOOD PANHANDLE PIPELINE LLC,0,NA
32582,2012,"LIBERTY PIPELINE GROUP, LLC",0,NA
32597,2018,"ENLINK PERMIAN II, LLC",0,NA
32599,2018,"MCLEAN GAS PROCESSING, LLC",0,NA
32606,2018,"BOARDWALK FIELD SERVICES, LLC",0,NA
32634,2018,"ENLINK PERMIAN, LLC",0,NA
32635,2014,"EAGLE ROCK ENERGY SERVICES, L.P.",0,NA
32682,2018,"GREENLEAF CO2 SOLUTIONS, LLC",0,NA
38891,2012,HESS FIRST RESERVE REGULATED PIPELINE,0,NA
38931,2018,TABULA RASA ENERGY LLC,0,NA
38949,2018,"NAVARRO MIDSTREAM SERVICES, LLC.",0,NA
38973,2016,"CONNECT TERMINALS, LLC",0,NA
38989,2018,EMERALD GATHERING AND TRANSMISSION,0,NA
39052,2013,HIGH SIERRA TRANSPORTATION LLC,0,NA
39055,2018,AMID SILVER DOLLAR PIPELINE LLC,0,NA
39069,2016,"EMPIRE PIPELINE, LLC",0,NA
39071,2014,HOLLIMON OIL CORPORATION,0,NA
39073,2018,OCI BEAUMONT LLC,0,NA
39085,2016,RIMROCK MIDSTREAM,0,NA
39131,2018,PERMIAN EXPRESS TERMINAL LLC,0,NA
39176,2017,"ARC TERMINALS COLORADO HOLDINGS, LLC",0,NA
39179,2018,"AMPLIFY ENERGY OPERATING, LLC",0,NA
39184,2015,"CORONADO MIDSTREAM, LLC",0,NA
39189,2018,"NORTHSTAR OFFSHORE VENTURES, LLC",0,NA
39214,2018,ENVEN ENERGY VENTURES LLC.,0,NA
39221,2017,DAKOTA MIDSTREAM,0,NA
39231,2018,INTENSITY MIDSTREAM LLC,0,NA
39264,2016,"FRONTIER ENERGY SERVICES, L.L.C.",0,NA
39272,2018,"PARADIGM MIDSTREAM SERVICES - ND, LLC",0,NA
39278,2015,BIGHORN GAS OPERATING LLC,0,NA
39286,2015,"ENERGY XXI USA, INC",0,NA
39291,2018,FDL OPERATING LLC,0,NA
39305,2018,ENLINK CRUDE PURCHASING LLC,0,NA
39313,2018,"MAVERICK TERMINAL THREE RIVERS, LLC",0,NA
39318,2014,"SN OPERATING, LLC",0,NA
39325,2016,"TALOS ENERGY, LLC",0,NA
39341,2018,"CHALMETTE LOUISIANA LIQUIDS, LLC",0,NA
39349,2018,"USG WHEATLAND PIPELINE, LLC",0,NA
39351,2015,"MONARCH OIL PIPELINE, LLC",0,NA
39359,2017,"SADDLE BUTTE ROCKIES MIDSTREAM, LLC",0,NA
39370,2018,"NORTHWEST GAS PROCESSING, LLC",0,NA
39426,2015,"SIEMPRE ENERGY OPERATING, LLC",0,NA
39434,2018,"FOOTHILLS TEXAS, INC.",0,NA
39442,2017,JAMES LAKE MIDSTREAM,0,NA
39443,2018,"NAVITAS MDSTR MIDLAND BASIN, LLC",0,NA
39459,2018,"AMERICAN MIDSTREAM PERMIAN, LLC",0,NA
39488,2018,"KINGFISHER MIDSTREAM, LLC",0,NA
39490,2018,PETRA NOVA CCS I LLC,0,NA
39497,2018,MATRIX OIL CORP,0,NA
39511,2017,CAPROCK PERMIAN PROCESSING LLC,0,NA
39512,2018,DELAWARE G&P LLC,0,NA
39551,2018,"STAKEHOLDER MIDSTREAM CRUDE OIL PIPELINE, LLC",0,NA
39566,2018,LUCID ENERGY DELAWARE LLC,0,NA
39571,2017,"HPIP GONZALES HOLDINGS, LLC",0,NA
39587,2017,"SAVAGE BAKKEN CONNECTOR, INC",0,NA
39593,2018,QEP ENERGY COMPANY,0,NA
39600,2018,VAQUERO PERMIAN PROCESSING LLC,0,NA
39606,2017,CAPROCK PERMIAN CRUDE LLC,0,NA
39607,2018,"TWIN EAGLE GARDENDALE PIPELINE, LLC",0,NA
39610,2018,"CPE GATHERING MIDCON, LLC",0,NA
39620,2016,"AMP ETX GATHERING, LLC",0,NA
39621,2017,STAKEHOLDER GAS SERVICES LLC,0,NA
39637,2018,UTAH GAS OP LTD DBA UTAH GAS CORP,0,NA
39639,2018,TANKS R US,0,NA
39663,2018,"PETROGAS WEST, LLC",0,NA
39687,2018,"BRAZOS DELAWARE CRUDE, LLC",0,NA
39691,2017,BREITBURN ENERGY PARTNERS LP,0,NA
39771,2018,ELK OPERATING SERVICES LLC,0,NA
39806,2018,"EVX MIDSTREAM PARTNERS, LLC",0,NA
39810,2018,DIAMONDBACK E&P LLC,0,NA
39819,2018,BREITBURN ENERGY CO2,0,NA
39822,2018,"SCM PR, LLC",0,NA
39832,2018,CCI SAN JUAN LLC,0,NA
39833,2018,"SAN MATEO BLACK RIVER OIL PIPELINE, LLC",0,NA
39849,2018,"COASTAL CAVERNS, INC.",0,NA
39882,2018,"GETKA ENERGY, LLC",0,NA
39910,2018,COGENT MIDSTREAM PRODUCTS LLC,0,NA
401,2016,HESS CORPORATION,0,NA
4280,2018,EL PASO NATURAL GAS CO,0,NA
